ACTIVIDAD;GENERACION;TOTAL F.O.;MONTO SIN IVA;IVA 16%;MONTO TOTAL;$;MULTA AL 12%;TOTAL INCLUYENDO MULTAS
INMUEBLES DESOCUPADOS;BAJA;0,29;36,76;5,88;42,64;0,04;4,41;47,06
INMUEBLES DESOCUPADOS;MEDIA;0,29;36,76;5,88;42,64;0,04;4,41;47,06
INMUEBLES DESOCUPADOS;ALTA;0,29;36,76;5,88;42,64;0,04;4,41;47,06
ABASTOS;BAJA;2,39;298,85;47,82;346,67;0,35;35,86;382,53
ABASTOS;MEDIA;5,80;725,25;116,04;841,29;0,86;87,03;928,32
ABASTOS;ALTA;9,00;1125,39;180,06;1305,45;1,34;135,05;1440,50
BODEGAS;BAJA;1,54;192,57;30,81;223,38;0,23;23,11;246,49
BODEGAS;MEDIA;4,23;528,93;84,63;613,56;0,63;63,47;677,03
BODEGAS;ALTA;6,61;826,54;132,25;958,78;0,98;99,18;1057,97
MINIMARKET;BAJA;10,20;1275,44;204,07;1479,51;1,51;153,05;1632,57
MINIMARKET;MEDIA;15,30;1913,16;306,11;2219,27;2,27;229,58;2448,85
MINIMARKET;ALTA;30,60;3826,33;612,21;4438,54;4,54;459,16;4897,70
FRUTERIAS;BAJA;2,83;353,87;56,62;410,49;0,42;42,46;452,96
FRUTERIAS;MEDIA;7,32;915,32;146,45;1061,77;1,09;109,84;1171,61
FRUTERIAS;ALTA;11,31;1414,24;226,28;1640,52;1,68;169,71;1810,23
CARNICERIAS;BAJA;4,28;535,19;85,63;620,82;0,64;64,22;685,04
CARNICERIAS;MEDIA;7,98;997,85;159,66;1157,50;1,18;119,74;1277,24
CARNICERIAS;ALTA;12,05;1506,77;241,08;1747,86;1,79;180,81;1928,67
CHARCUTERIAS;BAJA;3,77;471,41;75,43;546,84;0,56;56,57;603,41
CHARCUTERIAS;MEDIA;7,80;975,34;156,05;1131,39;1,16;117,04;1248,43
CHARCUTERIAS;ALTA;12,05;1506,77;241,08;1747,86;1,79;180,81;1928,67
FRIGORIFICO;BAJA;3,77;471,41;75,43;546,84;0,56;56,57;603,41
FRIGORIFICO;MEDIA;7,80;975,34;156,05;1131,39;1,16;117,04;1248,43
FRIGORIFICO;ALTA;12,05;1506,77;241,08;1747,86;1,79;180,81;1928,67
PESCADERIAS;BAJA;3,77;471,41;75,43;546,84;0,56;56,57;603,41
PESCADERIAS;MEDIA;8,01;1001,60;160,26;1161,85;1,19;120,19;1282,04
PESCADERIAS;ALTA;12,05;1506,77;241,08;1747,86;1,79;180,81;1928,67
PANADERIAS, PASTELERIAS, DULCERIAS;BAJA;7,54;942,83;150,85;1093,68;1,12;113,14;1206,82
PANADERIAS, PASTELERIAS, DULCERIAS;MEDIA;11,90;1488,02;238,08;1726,10;1,77;178,56;1904,66
PANADERIAS, PASTELERIAS, DULCERIAS;ALTA;16,03;2004,44;320,71;2325,16;2,38;240,53;2565,69
CONFITERIAS;BAJA;7,54;942,83;150,85;1093,68;1,12;113,14;1206,82
CONFITERIAS;MEDIA;11,90;1488,02;238,08;1726,10;1,77;178,56;1904,66
CONFITERIAS;ALTA;16,03;2004,44;320,71;2325,16;2,38;240,53;2565,69
REPOSTERIAS;BAJA;7,54;942,83;150,85;1093,68;1,12;113,14;1206,82
REPOSTERIAS;MEDIA;11,90;1488,02;238,08;1726,10;1,77;178,56;1904,66
REPOSTERIAS;ALTA;16,03;2004,44;320,71;2325,16;2,38;240,53;2565,69
AUTOMERCADOS;BAJA;28,28;3536,22;565,80;4102,02;4,20;424,35;4526,37
AUTOMERCADOS;MEDIA;48,95;6120,87;979,34;7100,21;7,27;734,50;7834,71
AUTOMERCADOS;ALTA;70,69;8839,31;1414,29;10253,60;10,50;1060,72;11314,32
SUPERMERCADOS;BAJA;28,28;3536,22;565,80;4102,02;4,20;424,35;4526,37
SUPERMERCADOS;MEDIA;48,95;6120,87;979,34;7100,21;7,27;734,50;7834,71
SUPERMERCADOS;ALTA;70,69;8839,31;1414,29;10253,60;10,50;1060,72;11314,32
PENSIONES/RESIDENCIAS ESTUDIANTILES;BAJA;7,54;942,83;150,85;1093,68;1,12;113,14;1206,82
PENSIONES/RESIDENCIAS ESTUDIANTILES;MEDIA;15,08;1885,65;301,70;2187,36;2,24;226,28;2413,64
PENSIONES/RESIDENCIAS ESTUDIANTILES;ALTA;22,62;2828,48;452,56;3281,04;3,36;339,42;3620,45
MERCADOS MAYORISTAS Y POPULARES;BAJA;50,12;6267,17;1002,75;7269,92;7,44;752,06;8021,98
MERCADOS MAYORISTAS Y POPULARES;MEDIA;66,70;8340,39;1334,46;9674,85;9,90;1000,85;10675,70
MERCADOS MAYORISTAS Y POPULARES;ALTA;84,41;10554,91;1688,79;12243,69;12,53;1266,59;13510,28
AREPERAS;BAJA;3,77;471,41;75,43;546,84;0,56;56,57;603,41
AREPERAS;MEDIA;11,82;1478,01;236,48;1714,49;1,76;177,36;1891,86
AREPERAS;ALTA;19,80;2475,86;396,14;2871,99;2,94;297,10;3169,10
CAFETERIAS;BAJA;3,77;471,41;75,43;546,84;0,56;56,57;603,41
CAFETERIAS;MEDIA;7,80;975,34;156,05;1131,39;1,16;117,04;1248,43
CAFETERIAS;ALTA;12,05;1506,77;241,08;1747,86;1,79;180,81;1928,67
FUENTES DE SODA;BAJA;3,77;471,41;75,43;546,84;0,56;56,57;603,41
FUENTES DE SODA;MEDIA;7,80;975,34;156,05;1131,39;1,16;117,04;1248,43
FUENTES DE SODA;ALTA;12,05;1506,77;241,08;1747,86;1,79;180,81;1928,67
HELADERIAS;BAJA;3,77;471,41;75,43;546,84;0,56;56,57;603,41
HELADERIAS;MEDIA;7,80;975,34;156,05;1131,39;1,16;117,04;1248,43
HELADERIAS;ALTA;12,05;1506,77;241,08;1747,86;1,79;180,81;1928,67
LONCHERIAS;BAJA;3,77;471,41;75,43;546,84;0,56;56,57;603,41
LONCHERIAS;MEDIA;9,29;1161,65;185,86;1347,52;1,38;139,40;1486,92
LONCHERIAS;ALTA;16,03;2004,44;320,71;2325,16;2,38;240,53;2565,69
LICORERIAS;BAJA;3,95;493,92;79,03;572,95;0,59;59,27;632,22
LICORERIAS;MEDIA;11,43;1429,25;228,68;1657,92;1,70;171,51;1829,43
LICORERIAS;ALTA;19,76;2470,86;395,34;2866,19;2,93;296,50;3162,70
KIOSCOS;BAJA;1,45;181,31;29,01;210,32;0,22;21,76;232,08
KIOSCOS;MEDIA;4,72;590,20;94,43;684,64;0,70;70,82;755,46
KIOSCOS;ALTA;8,09;1011,60;161,86;1173,46;1,20;121,39;1294,85
VENTA AMBULANTE DE ALIMENTOS Y BEBIDAS;BAJA;1,69;211,32;33,81;245,13;0,25;25,36;270,49
VENTA AMBULANTE DE ALIMENTOS Y BEBIDAS;MEDIA;5,45;681,49;109,04;790,52;0,81;81,78;872,30
VENTA AMBULANTE DE ALIMENTOS Y BEBIDAS;ALTA;9,31;1164,15;186,26;1350,42;1,38;139,70;1490,12
ACADEMIAS VARIAS;BAJA;2,85;356,37;57,02;413,39;0,42;42,76;456,16
ACADEMIAS VARIAS;MEDIA;7,68;960,33;153,65;1113,99;1,14;115,24;1229,23
ACADEMIAS VARIAS;ALTA;13,49;1686,83;269,89;1956,73;2,00;202,42;2159,15
GUARDERIAS INFANTILES;BAJA;2,85;356,37;57,02;413,39;0,42;42,76;456,16
GUARDERIAS INFANTILES;MEDIA;7,68;960,33;153,65;1113,99;1,14;115,24;1229,23
GUARDERIAS INFANTILES;ALTA;13,49;1686,83;269,89;1956,73;2,00;202,42;2159,15
PREESCOLARES;BAJA;2,85;356,37;57,02;413,39;0,42;42,76;456,16
PREESCOLARES;MEDIA;7,68;960,33;153,65;1113,99;1,14;115,24;1229,23
PREESCOLARES;ALTA;13,49;1686,83;269,89;1956,73;2,00;202,42;2159,15
COLEGIOS, ESCUELAS Y LICEOS;BAJA;11,50;1438,00;230,08;1668,08;1,71;172,56;1840,64
COLEGIOS, ESCUELAS Y LICEOS;MEDIA;26,13;3267,38;522,78;3790,16;3,88;392,09;4182,25
COLEGIOS, ESCUELAS Y LICEOS;ALTA;40,57;5073,01;811,68;5884,69;6,02;608,76;6493,45
INSTITUTOS UNIVERSITARIOS;BAJA;11,50;1438,00;230,08;1668,08;1,71;172,56;1840,64
INSTITUTOS UNIVERSITARIOS;MEDIA;26,13;3267,38;522,78;3790,16;3,88;392,09;4182,25
INSTITUTOS UNIVERSITARIOS;ALTA;40,57;5073,01;811,68;5884,69;6,02;608,76;6493,45
UNIVERSIDADES;BAJA;24,64;3081,07;492,97;3574,04;3,66;369,73;3943,77
UNIVERSIDADES;MEDIA;53,56;6697,32;1071,57;7768,89;7,95;803,68;8572,57
UNIVERSIDADES;ALTA;80,34;10045,98;1607,36;11653,34;11,93;1205,52;12858,85
AREAS TURISTICAS RECREACIONALES PUBLICAS;BAJA;2,02;252,59;40,41;293,00;0,30;30,31;323,31
AREAS TURISTICAS RECREACIONALES PUBLICAS;MEDIA;4,02;502,67;80,43;583,10;0,60;60,32;643,42
AREAS TURISTICAS RECREACIONALES PUBLICAS;ALTA;4,32;540,19;86,43;626,62;0,64;64,82;691,44
AREAS TURISTICAS Y RECREACIONALES;BAJA;64,27;8036,53;1285,85;9322,38;9,54;964,38;10286,76
AREAS TURISTICAS Y RECREACIONALES;MEDIA;83,77;10474,88;1675,98;12150,86;12,44;1256,99;13407,84
AREAS TURISTICAS Y RECREACIONALES;ALTA;96,41;12055,43;1928,87;13984,29;14,31;1446,65;15430,95
BIBLIOTECAS;BAJA;2,83;353,87;56,62;410,49;0,42;42,46;452,96
BIBLIOTECAS;MEDIA;5,98;747,76;119,64;867,40;0,89;89,73;957,13
BIBLIOTECAS;ALTA;9,00;1125,39;180,06;1305,45;1,34;135,05;1440,50
IGLESIAS;BAJA;1,89;236,33;37,81;274,14;0,28;28,36;302,50
IGLESIAS;MEDIA;1,98;247,59;39,61;287,20;0,29;29,71;316,91
IGLESIAS;ALTA;1,98;247,59;39,61;287,20;0,29;29,71;316,91
CASA PARROQUIAL;BAJA;2,18;272,59;43,62;316,21;0,32;32,71;348,92
CASA PARROQUIAL;MEDIA;1,98;247,59;39,61;287,20;0,29;29,71;316,91
CASA PARROQUIAL;ALTA;1,98;247,59;39,61;287,20;0,29;29,71;316,91
TEATROS;BAJA;5,97;746,51;119,44;865,95;0,89;89,58;955,53
TEATROS;MEDIA;12,76;1595,55;255,29;1850,84;1,89;191,47;2042,31
TEATROS;ALTA;21,30;2663,42;426,15;3089,57;3,16;319,61;3409,18
CINES;BAJA;26,41;3302,39;528,38;3830,78;3,92;396,29;4227,06
CINES;MEDIA;33,75;4220,21;675,23;4895,45;5,01;506,43;5401,87
CINES;ALTA;42,58;5324,34;851,90;6176,24;6,32;638,92;6815,16
ESTUDIOS DE GRABACION Y FOTOGRAFIA;BAJA;2,83;353,87;56,62;410,49;0,42;42,46;452,96
ESTUDIOS DE GRABACION Y FOTOGRAFIA;MEDIA;5,98;747,76;119,64;867,40;0,89;89,73;957,13
ESTUDIOS DE GRABACION Y FOTOGRAFIA;ALTA;9,00;1125,39;180,06;1305,45;1,34;135,05;1440,50
EMISORAS DE RADIO;BAJA;2,83;353,87;56,62;410,49;0,42;42,46;452,96
EMISORAS DE RADIO;MEDIA;5,98;747,76;119,64;867,40;0,89;89,73;957,13
EMISORAS DE RADIO;ALTA;9,00;1125,39;180,06;1305,45;1,34;135,05;1440,50
SALAS DE BILLAR Y JUEGOS;BAJA;3,74;467,66;74,83;542,49;0,56;56,12;598,61
SALAS DE BILLAR Y JUEGOS;MEDIA;11,00;1375,48;220,08;1595,55;1,63;165,06;1760,61
SALAS DE BILLAR Y JUEGOS;ALTA;18,04;2255,78;360,93;2616,71;2,68;270,69;2887,40
PARQUES DE ATRACCIONES Y RECREATIVOS PRIVADOS;BAJA;18,85;2357,07;377,13;2734,20;2,80;282,85;3017,05
PARQUES DE ATRACCIONES Y RECREATIVOS PRIVADOS;MEDIA;42,84;5356,86;857,10;6213,95;6,36;642,82;6856,78
PARQUES DE ATRACCIONES Y RECREATIVOS PRIVADOS;ALTA;75,40;9428,27;1508,52;10936,79;11,20;1131,39;12068,18
SALAS ESPECTACULOS, EXPOSICIONES, REUNIONES, CONFERENCIAS;BAJA;3,77;471,41;75,43;546,84;0,56;56,57;603,41
SALAS ESPECTACULOS, EXPOSICIONES, REUNIONES, CONFERENCIAS;MEDIA;7,80;975,34;156,05;1131,39;1,16;117,04;1248,43
SALAS ESPECTACULOS, EXPOSICIONES, REUNIONES, CONFERENCIAS;ALTA;12,05;1506,77;241,08;1747,86;1,79;180,81;1928,67
AGENCIAS DE FESTEJOS CON SALA;BAJA;9,43;1179,16;188,67;1367,82;1,40;141,50;1509,32
AGENCIAS DE FESTEJOS CON SALA;MEDIA;22,49;2812,22;449,96;3262,18;3,34;337,47;3599,65
AGENCIAS DE FESTEJOS CON SALA;ALTA;37,70;4714,13;754,26;5468,39;5,60;565,70;6034,09
AGENCIAS DE FESTEJOS;BAJA;2,39;298,85;47,82;346,67;0,35;35,86;382,53
AGENCIAS DE FESTEJOS;MEDIA;7,03;879,05;140,65;1019,70;1,04;105,49;1125,19
AGENCIAS DE FESTEJOS;ALTA;12,05;1506,77;241,08;1747,86;1,79;180,81;1928,67
ASOCIACIONES CULTURALES Y DEPORTIVOS;BAJA;1,29;161,31;25,81;187,11;0,19;19,36;206,47
ASOCIACIONES CULTURALES Y DEPORTIVOS;MEDIA;4,68;585,20;93,63;678,84;0,69;70,22;749,06
ASOCIACIONES CULTURALES Y DEPORTIVOS;ALTA;8,05;1006,60;161,06;1167,65;1,20;120,79;1288,45
CLUB DEPORTIVO;BAJA;9,89;1236,68;197,87;1434,55;1,47;148,40;1582,95
CLUB DEPORTIVO;MEDIA;23,63;2954,77;472,76;3427,54;3,51;354,57;3782,11
CLUB DEPORTIVO;ALTA;39,52;4941,71;790,67;5732,39;5,87;593,01;6325,39
CLUB SOCIAL;BAJA;56,55;7071,20;1131,39;8202,59;8,40;848,54;9051,14
CLUB SOCIAL;MEDIA;72,84;9108,16;1457,30;10565,46;10,82;1092,98;11658,44
CLUB SOCIAL;ALTA;84,83;10607,42;1697,19;12304,61;12,60;1272,89;13577,50
BARES;BAJA;3,77;471,41;75,43;546,84;0,56;56,57;603,41
BARES;MEDIA;8,30;1037,86;166,06;1203,92;1,23;124,54;1328,46
BARES;ALTA;12,05;1506,77;241,08;1747,86;1,79;180,81;1928,67
CERVECERIAS;BAJA;3,77;471,41;75,43;546,84;0,56;56,57;603,41
CERVECERIAS;MEDIA;8,30;1037,86;166,06;1203,92;1,23;124,54;1328,46
CERVECERIAS;ALTA;12,05;1506,77;241,08;1747,86;1,79;180,81;1928,67
POLLERAS;BAJA;7,91;989,09;158,25;1147,35;1,17;118,69;1266,04
POLLERAS;MEDIA;20,47;2559,64;409,54;2969,18;3,04;307,16;3276,33
POLLERAS;ALTA;33,18;4148,94;663,83;4812,77;4,93;497,87;5310,64
RESTAURANTES;BAJA;13,53;1691,84;270,69;1962,53;2,01;203,02;2165,55
RESTAURANTES;MEDIA;32,73;4092,67;654,83;4747,49;4,86;491,12;5238,61
RESTAURANTES;ALTA;54,08;6762,34;1081,97;7844,32;8,03;811,48;8655,80
COMEDORES;BAJA;3,42;427,65;68,42;496,07;0,51;51,32;547,39
COMEDORES;MEDIA;6,87;859,05;137,45;996,50;1,02;103,09;1099,58
COMEDORES;ALTA;11,25;1406,74;225,08;1631,82;1,67;168,81;1800,62
VENTA DE COMIDA RAPIDA Y PIZZERIA;BAJA;17,03;2129,49;340,72;2470,21;2,53;255,54;2725,74
VENTA DE COMIDA RAPIDA Y PIZZERIA;MEDIA;52,69;6588,53;1054,17;7642,70;7,82;790,62;8433,32
VENTA DE COMIDA RAPIDA Y PIZZERIA;ALTA;89,42;11181,37;1789,02;12970,39;13,28;1341,76;14312,16
BOÎTES;BAJA;9,89;1236,68;197,87;1434,55;1,47;148,40;1582,95
BOÎTES;MEDIA;20,11;2514,62;402,34;2916,96;2,99;301,75;3218,72
BOÎTES;ALTA;31,61;3952,62;632,42;4585,04;4,69;474,31;5059,35
DISCOTECAS;BAJA;9,89;1236,68;197,87;1434,55;1,47;148,40;1582,95
DISCOTECAS;MEDIA;20,11;2514,62;402,34;2916,96;2,99;301,75;3218,72
DISCOTECAS;ALTA;31,61;3952,62;632,42;4585,04;4,69;474,31;5059,35
NIGHT CLUBS;BAJA;9,89;1236,68;197,87;1434,55;1,47;148,40;1582,95
NIGHT CLUBS;MEDIA;20,11;2514,62;402,34;2916,96;2,99;301,75;3218,72
NIGHT CLUBS;ALTA;31,61;3952,62;632,42;4585,04;4,69;474,31;5059,35
POSADAS;BAJA;29,65;3707,53;593,21;4300,74;4,40;444,90;4745,64
POSADAS;MEDIA;43,39;5425,63;868,10;6293,73;6,44;651,08;6944,81
POSADAS;ALTA;59,28;7412,57;1186,01;8598,58;8,80;889,51;9488,09
HOTELES DE 3, 4, 5 ESTRELLAS;BAJA;29,65;3707,53;593,21;4300,74;4,40;444,90;4745,64
HOTELES DE 3, 4, 5 ESTRELLAS;MEDIA;54,83;6856,13;1096,98;7953,11;8,14;822,74;8775,84
HOTELES DE 3, 4, 5 ESTRELLAS;ALTA;82,99;10377,34;1660,38;12037,72;12,32;1245,28;13283,00
HOTELES CON MENOS DE 3 ESTRELLAS;BAJA;29,65;3707,53;593,21;4300,74;4,40;444,90;4745,64
HOTELES CON MENOS DE 3 ESTRELLAS;MEDIA;43,39;5425,63;868,10;6293,73;6,44;651,08;6944,81
HOTELES CON MENOS DE 3 ESTRELLAS;ALTA;59,28;7412,57;1186,01;8598,58;8,80;889,51;9488,09
MOTELES;BAJA;29,65;3707,53;593,21;4300,74;4,40;444,90;4745,64
MOTELES;MEDIA;43,39;5425,63;868,10;6293,73;6,44;651,08;6944,81
MOTELES;ALTA;59,28;7412,57;1186,01;8598,58;8,80;889,51;9488,09
BANCOS Y ENTIDADES BANCARIAS;BAJA;20,67;2584,65;413,54;2998,19;3,07;310,16;3308,35
BANCOS Y ENTIDADES BANCARIAS;MEDIA;30,58;3823,82;611,81;4435,64;4,54;458,86;4894,50
BANCOS Y ENTIDADES BANCARIAS;ALTA;41,34;5169,29;827,09;5996,38;6,14;620,31;6616,69
COMPANIAS DE SEGUROS;BAJA;19,76;2470,86;395,34;2866,19;2,93;296,50;3162,70
COMPANIAS DE SEGUROS;MEDIA;29,22;3653,77;584,60;4238,37;4,34;438,45;4676,82
COMPANIAS DE SEGUROS;ALTA;39,52;4941,71;790,67;5732,39;5,87;593,01;6325,39
ADMINISTRADORAS;BAJA;3,07;383,88;61,42;445,30;0,46;46,07;491,37
ADMINISTRADORAS;MEDIA;6,91;864,05;138,25;1002,30;1,03;103,69;1105,98
ADMINISTRADORAS;ALTA;10,12;1265,44;202,47;1467,91;1,50;151,85;1619,76
AGENCIAS DE LOTERIAS;BAJA;3,07;383,88;61,42;445,30;0,46;46,07;491,37
AGENCIAS DE LOTERIAS;MEDIA;6,91;864,05;138,25;1002,30;1,03;103,69;1105,98
AGENCIAS DE LOTERIAS;ALTA;10,12;1265,44;202,47;1467,91;1,50;151,85;1619,76
AGENCIAS ADUANALES;BAJA;3,07;383,88;61,42;445,30;0,46;46,07;491,37
AGENCIAS ADUANALES;MEDIA;6,91;864,05;138,25;1002,30;1,03;103,69;1105,98
AGENCIAS ADUANALES;ALTA;10,22;1277,94;204,47;1482,41;1,52;153,35;1635,77
AGENCIAS DE NOTICIAS;BAJA;3,07;383,88;61,42;445,30;0,46;46,07;491,37
AGENCIAS DE NOTICIAS;MEDIA;6,91;864,05;138,25;1002,30;1,03;103,69;1105,98
AGENCIAS DE NOTICIAS;ALTA;10,12;1265,44;202,47;1467,91;1,50;151,85;1619,76
AGENCIAS DE VIAJES Y TURISMO;BAJA;3,07;383,88;61,42;445,30;0,46;46,07;491,37
AGENCIAS DE VIAJES Y TURISMO;MEDIA;6,91;864,05;138,25;1002,30;1,03;103,69;1105,98
AGENCIAS DE VIAJES Y TURISMO;ALTA;10,12;1265,44;202,47;1467,91;1,50;151,85;1619,76
AGENCIAS DE PUBLICIDAD;BAJA;3,07;383,88;61,42;445,30;0,46;46,07;491,37
AGENCIAS DE PUBLICIDAD;MEDIA;6,91;864,05;138,25;1002,30;1,03;103,69;1105,98
AGENCIAS DE PUBLICIDAD;ALTA;10,12;1265,44;202,47;1467,91;1,50;151,85;1619,76
GESTORIAS;BAJA;2,57;321,36;51,42;372,78;0,38;38,56;411,34
GESTORIAS;MEDIA;6,05;756,51;121,04;877,55;0,90;90,78;968,34
GESTORIAS;ALTA;10,12;1265,44;202,47;1467,91;1,50;151,85;1619,76
OFICINAS DE CONDOMINIO;BAJA;2,57;321,36;51,42;372,78;0,38;38,56;411,34
OFICINAS DE CONDOMINIO;MEDIA;6,40;800,28;128,04;928,32;0,95;96,03;1024,35
OFICINAS DE CONDOMINIO;ALTA;10,05;1256,69;201,07;1457,75;1,49;150,80;1608,56
OFICINAS;BAJA;2,57;321,36;51,42;372,78;0,38;38,56;411,34
OFICINAS;MEDIA;6,21;776,52;124,24;900,76;0,92;93,18;993,94
OFICINAS;ALTA;9,65;1206,67;193,07;1399,73;1,43;144,80;1544,54
OFICINAS Y DEPARTAMENTOS MUNICIPALES;BAJA;2,38;297,60;47,62;345,22;0,35;35,71;380,93
OFICINAS Y DEPARTAMENTOS MUNICIPALES;MEDIA;4,48;560,19;89,63;649,83;0,67;67,22;717,05
OFICINAS Y DEPARTAMENTOS MUNICIPALES;ALTA;8,29;1036,61;165,86;1202,47;1,23;124,39;1326,86
OFICINAS DE SERVICIO DE TELEVISION;BAJA;2,57;321,36;51,42;372,78;0,38;38,56;411,34
OFICINAS DE SERVICIO DE TELEVISION;MEDIA;6,40;800,28;128,04;928,32;0,95;96,03;1024,35
OFICINAS DE SERVICIO DE TELEVISION;ALTA;10,05;1256,69;201,07;1457,75;1,49;150,80;1608,56
CENTROS DE COMUNICACION TELEFONICA;BAJA;5,17;646,47;103,44;749,91;0,77;77,58;827,49
CENTROS DE COMUNICACION TELEFONICA;MEDIA;8,81;1101,63;176,26;1277,89;1,31;132,20;1410,09
CENTROS DE COMUNICACION TELEFONICA;ALTA;14,85;1856,89;297,10;2154,00;2,20;222,83;2376,82
CENTROS DE INTERNET;BAJA;5,17;646,47;103,44;749,91;0,77;77,58;827,49
CENTROS DE INTERNET;MEDIA;8,81;1101,63;176,26;1277,89;1,31;132,20;1410,09
CENTROS DE INTERNET;ALTA;14,85;1856,89;297,10;2154,00;2,20;222,83;2376,82
CLINICAS CON HOSPITALIZACION;BAJA;57,56;7197,49;1151,60;8349,09;8,55;863,70;9212,79
CLINICAS CON HOSPITALIZACION;MEDIA;72,02;9005,62;1440,90;10446,52;10,69;1080,67;11527,19
CLINICAS CON HOSPITALIZACION;ALTA;93,78;11726,56;1876,25;13602,81;13,92;1407,19;15010,00
HOSPITALES;BAJA;57,56;7197,49;1151,60;8349,09;8,55;863,70;9212,79
HOSPITALES;MEDIA;72,02;9005,62;1440,90;10446,52;10,69;1080,67;11527,19
HOSPITALES;ALTA;93,78;11726,56;1876,25;13602,81;13,92;1407,19;15010,00
CLINICAS SIN HOSPITALIZACION;BAJA;46,67;5835,77;933,72;6769,50;6,93;700,29;7469,79
CLINICAS SIN HOSPITALIZACION;MEDIA;59,35;7421,32;1187,41;8608,73;8,81;890,56;9499,29
CLINICAS SIN HOSPITALIZACION;ALTA;79,17;9899,68;1583,95;11483,63;11,76;1187,96;12671,59
CONSULTORIOS MEDICOS Y ODONTOLOGICOS;BAJA;2,98;372,63;59,62;432,25;0,44;44,72;476,97
CONSULTORIOS MEDICOS Y ODONTOLOGICOS;MEDIA;6,46;807,78;129,24;937,02;0,96;96,93;1033,96
CONSULTORIOS MEDICOS Y ODONTOLOGICOS;ALTA;9,89;1236,68;197,87;1434,55;1,47;148,40;1582,95
CONSULTORIOS VETERINARIOS;BAJA;2,98;372,63;59,62;432,25;0,44;44,72;476,97
CONSULTORIOS VETERINARIOS;MEDIA;6,35;794,03;127,04;921,07;0,94;95,28;1016,35
CONSULTORIOS VETERINARIOS;ALTA;9,89;1236,68;197,87;1434,55;1,47;148,40;1582,95
LABORATORIOS CLINICOS Y DENTALES;BAJA;2,98;372,63;59,62;432,25;0,44;44,72;476,97
LABORATORIOS CLINICOS Y DENTALES;MEDIA;6,35;794,03;127,04;921,07;0,94;95,28;1016,35
LABORATORIOS CLINICOS Y DENTALES;ALTA;9,89;1236,68;197,87;1434,55;1,47;148,40;1582,95
CENTROS DE ESTETICA;BAJA;5,58;697,74;111,64;809,38;0,83;83,73;893,11
CENTROS DE ESTETICA;MEDIA;9,06;1132,89;181,26;1314,16;1,35;135,95;1450,10
CENTROS DE ESTETICA;ALTA;15,09;1886,90;301,90;2188,81;2,24;226,43;2415,24
SERVICIO DE AMBULANCIA;BAJA;3,95;493,92;79,03;572,95;0,59;59,27;632,22
SERVICIO DE AMBULANCIA;MEDIA;8,23;1029,11;164,66;1193,76;1,22;123,49;1317,26
SERVICIO DE AMBULANCIA;ALTA;12,64;1580,55;252,89;1833,44;1,88;189,67;2023,10
DROGUERIAS;BAJA;3,95;493,92;79,03;572,95;0,59;59,27;632,22
DROGUERIAS;MEDIA;7,80;975,34;156,05;1131,39;1,16;117,04;1248,43
DROGUERIAS;ALTA;12,64;1580,55;252,89;1833,44;1,88;189,67;2023,10
FARMACIAS;BAJA;3,95;493,92;79,03;572,95;0,59;59,27;632,22
FARMACIAS;MEDIA;7,80;975,34;156,05;1131,39;1,16;117,04;1248,43
FARMACIAS;ALTA;12,64;1580,55;252,89;1833,44;1,88;189,67;2023,10
TIENDA NATURISTA;BAJA;3,95;493,92;79,03;572,95;0,59;59,27;632,22
TIENDA NATURISTA;MEDIA;7,80;975,34;156,05;1131,39;1,16;117,04;1248,43
TIENDA NATURISTA;ALTA;12,64;1580,55;252,89;1833,44;1,88;189,67;2023,10
FUNERARIAS;BAJA;3,95;493,92;79,03;572,95;0,59;59,27;632,22
FUNERARIAS;MEDIA;8,23;1029,11;164,66;1193,76;1,22;123,49;1317,26
FUNERARIAS;ALTA;12,64;1580,55;252,89;1833,44;1,88;189,67;2023,10
CEMENTERIOS PUBLICOS;BAJA;12,98;1623,06;259,69;1882,75;1,93;194,77;2077,52
CEMENTERIOS PUBLICOS;MEDIA;27,38;3423,69;547,79;3971,48;4,07;410,84;4382,32
CEMENTERIOS PUBLICOS;ALTA;41,43;5180,54;828,89;6009,43;6,15;621,67;6631,10
CEMENTERIOS PRIVADOS;BAJA;22,98;2873,50;459,76;3333,25;3,41;344,82;3678,07
CEMENTERIOS PRIVADOS;MEDIA;37,41;4677,87;748,46;5426,33;5,55;561,34;5987,67
CEMENTERIOS PRIVADOS;ALTA;51,45;6433,48;1029,36;7462,84;7,64;772,02;8234,85
VENTA DE ARTICULOS ORTOPEDICOS;BAJA;3,95;493,92;79,03;572,95;0,59;59,27;632,22
VENTA DE ARTICULOS ORTOPEDICOS;MEDIA;6,85;856,55;137,05;993,59;1,02;102,79;1096,38
VENTA DE ARTICULOS ORTOPEDICOS;ALTA;9,89;1236,68;197,87;1434,55;1,47;148,40;1582,95
VENTA DE EQUIPOS Y ARTICULOS MEDICOS;BAJA;3,95;493,92;79,03;572,95;0,59;59,27;632,22
VENTA DE EQUIPOS Y ARTICULOS MEDICOS;MEDIA;6,85;856,55;137,05;993,59;1,02;102,79;1096,38
VENTA DE EQUIPOS Y ARTICULOS MEDICOS;ALTA;9,89;1236,68;197,87;1434,55;1,47;148,40;1582,95
AMBULATORIOS SEGURO SOCIAL;BAJA;3,95;493,92;79,03;572,95;0,59;59,27;632,22
AMBULATORIOS SEGURO SOCIAL;MEDIA;6,71;839,04;134,25;973,29;1,00;100,68;1073,97
AMBULATORIOS SEGURO SOCIAL;ALTA;9,89;1236,68;197,87;1434,55;1,47;148,40;1582,95
ASILOS MEDICO ASISTENCIALES;BAJA;3,95;493,92;79,03;572,95;0,59;59,27;632,22
ASILOS MEDICO ASISTENCIALES;MEDIA;6,71;839,04;134,25;973,29;1,00;100,68;1073,97
ASILOS MEDICO ASISTENCIALES;ALTA;9,89;1236,68;197,87;1434,55;1,47;148,40;1582,95
ASOCIACIONES BENEFICAS;BAJA;3,95;493,92;79,03;572,95;0,59;59,27;632,22
ASOCIACIONES BENEFICAS;MEDIA;6,71;839,04;134,25;973,29;1,00;100,68;1073,97
ASOCIACIONES BENEFICAS;ALTA;9,89;1236,68;197,87;1434,55;1,47;148,40;1582,95
CASAS Y CENTROS DE REHABILITACION;BAJA;3,95;493,92;79,03;572,95;0,59;59,27;632,22
CASAS Y CENTROS DE REHABILITACION;MEDIA;6,71;839,04;134,25;973,29;1,00;100,68;1073,97
CASAS Y CENTROS DE REHABILITACION;ALTA;9,89;1236,68;197,87;1434,55;1,47;148,40;1582,95
ALMACENES Y DEPARTAMENTOS MERCANCIA SECA;BAJA;2,53;316,36;50,62;366,98;0,38;37,96;404,94
ALMACENES Y DEPARTAMENTOS MERCANCIA SECA;MEDIA;6,07;759,01;121,44;880,46;0,90;91,08;971,54
ALMACENES Y DEPARTAMENTOS MERCANCIA SECA;ALTA;9,45;1181,66;189,07;1370,72;1,40;141,80;1512,52
BARBERIAS;BAJA;2,53;316,36;50,62;366,98;0,38;37,96;404,94
BARBERIAS;MEDIA;6,07;759,01;121,44;880,46;0,90;91,08;971,54
BARBERIAS;ALTA;9,45;1181,66;189,07;1370,72;1,40;141,80;1512,52
PELUQUERIAS;BAJA;2,53;316,36;50,62;366,98;0,38;37,96;404,94
PELUQUERIAS;MEDIA;6,07;759,01;121,44;880,46;0,90;91,08;971,54
PELUQUERIAS;ALTA;9,45;1181,66;189,07;1370,72;1,40;141,80;1512,52
FERRETERIAS Y SIMILARES;BAJA;2,53;316,36;50,62;366,98;0,38;37,96;404,94
FERRETERIAS Y SIMILARES;MEDIA;6,07;759,01;121,44;880,46;0,90;91,08;971,54
FERRETERIAS Y SIMILARES;ALTA;9,45;1181,66;189,07;1370,72;1,40;141,80;1512,52
PERFUMERIAS;BAJA;2,53;316,36;50,62;366,98;0,38;37,96;404,94
PERFUMERIAS;MEDIA;6,07;759,01;121,44;880,46;0,90;91,08;971,54
PERFUMERIAS;ALTA;9,45;1181,66;189,07;1370,72;1,40;141,80;1512,52
LAVANDERIAS Y TINTORERIAS;BAJA;2,75;343,87;55,02;398,89;0,41;41,26;440,15
LAVANDERIAS Y TINTORERIAS;MEDIA;6,41;801,53;128,24;929,77;0,95;96,18;1025,96
LAVANDERIAS Y TINTORERIAS;ALTA;10,89;1361,72;217,88;1579,60;1,62;163,41;1743,00
TIENDA PARA ALQUIER DE PRENDAS;BAJA;2,75;343,87;55,02;398,89;0,41;41,26;440,15
TIENDA PARA ALQUIER DE PRENDAS;MEDIA;6,07;759,01;121,44;880,46;0,90;91,08;971,54
TIENDA PARA ALQUIER DE PRENDAS;ALTA;9,45;1181,66;189,07;1370,72;1,40;141,80;1512,52
CERRAJERIAS;BAJA;2,53;316,36;50,62;366,98;0,38;37,96;404,94
CERRAJERIAS;MEDIA;6,07;759,01;121,44;880,46;0,90;91,08;971,54
CERRAJERIAS;ALTA;9,45;1181,66;189,07;1370,72;1,40;141,80;1512,52
MERCERIAS;BAJA;2,53;316,36;50,62;366,98;0,38;37,96;404,94
MERCERIAS;MEDIA;6,07;759,01;121,44;880,46;0,90;91,08;971,54
MERCERIAS;ALTA;9,45;1181,66;189,07;1370,72;1,40;141,80;1512,52
BAZARES;BAJA;2,53;316,36;50,62;366,98;0,38;37,96;404,94
BAZARES;MEDIA;6,07;759,01;121,44;880,46;0,90;91,08;971,54
BAZARES;ALTA;9,45;1181,66;189,07;1370,72;1,40;141,80;1512,52
SERVICIOS TECNICOS;BAJA;2,51;313,86;50,22;364,08;0,37;37,66;401,74
SERVICIOS TECNICOS;MEDIA;6,07;759,01;121,44;880,46;0,90;91,08;971,54
SERVICIOS TECNICOS;ALTA;9,45;1181,66;189,07;1370,72;1,40;141,80;1512,52
TIENDA DE ROPA Y ACCESORIOS;BAJA;2,51;313,86;50,22;364,08;0,37;37,66;401,74
TIENDA DE ROPA Y ACCESORIOS;MEDIA;6,07;759,01;121,44;880,46;0,90;91,08;971,54
TIENDA DE ROPA Y ACCESORIOS;ALTA;9,45;1181,66;189,07;1370,72;1,40;141,80;1512,52
ZAPATERIAS;BAJA;2,51;313,86;50,22;364,08;0,37;37,66;401,74
ZAPATERIAS;MEDIA;7,32;915,32;146,45;1061,77;1,09;109,84;1171,61
ZAPATERIAS;ALTA;11,85;1481,76;237,08;1718,85;1,76;177,81;1896,66
DEPARTAMENTOS;BAJA;17,94;2243,28;358,92;2602,20;2,66;269,19;2871,39
DEPARTAMENTOS;MEDIA;46,12;5767,00;922,72;6689,72;6,85;692,04;7381,76
DEPARTAMENTOS;ALTA;80,74;10096,00;1615,36;11711,36;11,99;1211,52;12922,88
TIENDA DE LENCERIA;BAJA;2,51;313,86;50,22;364,08;0,37;37,66;401,74
TIENDA DE LENCERIA;MEDIA;6,07;759,01;121,44;880,46;0,90;91,08;971,54
TIENDA DE LENCERIA;ALTA;9,45;1181,66;189,07;1370,72;1,40;141,80;1512,52
TIENDA DE TELAS;BAJA;2,51;313,86;50,22;364,08;0,37;37,66;401,74
TIENDA DE TELAS;MEDIA;7,32;915,32;146,45;1061,77;1,09;109,84;1171,61
TIENDA DE TELAS;ALTA;11,85;1481,76;237,08;1718,85;1,76;177,81;1896,66
TAPICERIA;BAJA;2,85;356,37;57,02;413,39;0,42;42,76;456,16
TAPICERIA;MEDIA;6,89;861,55;137,85;999,40;1,02;103,39;1102,78
TAPICERIA;ALTA;10,73;1341,71;214,67;1556,39;1,59;161,01;1717,39
TIENDA DE ARTICULOS DE CUERO;BAJA;2,51;313,86;50,22;364,08;0,37;37,66;401,74
TIENDA DE ARTICULOS DE CUERO;MEDIA;6,07;759,01;121,44;880,46;0,90;91,08;971,54
TIENDA DE ARTICULOS DE CUERO;ALTA;9,45;1181,66;189,07;1370,72;1,40;141,80;1512,52
ACCESORIOS MUSICALES;BAJA;2,51;313,86;50,22;364,08;0,37;37,66;401,74
ACCESORIOS MUSICALES;MEDIA;6,07;759,01;121,44;880,46;0,90;91,08;971,54
ACCESORIOS MUSICALES;ALTA;9,45;1181,66;189,07;1370,72;1,40;141,80;1512,52
SIMILARES;BAJA;2,53;316,36;50,62;366,98;0,38;37,96;404,94
SIMILARES;MEDIA;4,77;596,46;95,43;691,89;0,71;71,57;763,46
SIMILARES;ALTA;8,15;1019,10;163,06;1182,16;1,21;122,29;1304,45
TIENDA DE ARTICULOS DE CERAMICA;BAJA;2,53;316,36;50,62;366,98;0,38;37,96;404,94
TIENDA DE ARTICULOS DE CERAMICA;MEDIA;4,77;596,46;95,43;691,89;0,71;71,57;763,46
TIENDA DE ARTICULOS DE CERAMICA;ALTA;8,15;1019,10;163,06;1182,16;1,21;122,29;1304,45
TIENDA DE ARTESANIA TIPICA Y FOLKLORICA;BAJA;2,53;316,36;50,62;366,98;0,38;37,96;404,94
TIENDA DE ARTESANIA TIPICA Y FOLKLORICA;MEDIA;4,77;596,46;95,43;691,89;0,71;71,57;763,46
TIENDA DE ARTESANIA TIPICA Y FOLKLORICA;ALTA;8,15;1019,10;163,06;1182,16;1,21;122,29;1304,45
TIENDA DE ARTICULOS RELIGIOSOS;BAJA;2,53;316,36;50,62;366,98;0,38;37,96;404,94
TIENDA DE ARTICULOS RELIGIOSOS;MEDIA;6,07;759,01;121,44;880,46;0,90;91,08;971,54
TIENDA DE ARTICULOS RELIGIOSOS;ALTA;9,45;1181,66;189,07;1370,72;1,40;141,80;1512,52
PELUQUERIA;BAJA;2,53;316,36;50,62;366,98;0,38;37,96;404,94
PELUQUERIA;MEDIA;6,07;759,01;121,44;880,46;0,90;91,08;971,54
PELUQUERIA;ALTA;9,45;1181,66;189,07;1370,72;1,40;141,80;1512,52
REPARACION DE CALZADOS;BAJA;2,51;313,86;50,22;364,08;0,37;37,66;401,74
REPARACION DE CALZADOS;MEDIA;4,77;596,46;95,43;691,89;0,71;71,57;763,46
REPARACION DE CALZADOS;ALTA;8,15;1019,10;163,06;1182,16;1,21;122,29;1304,45
REPARACION DE ARTICULOS DE CUERO;BAJA;2,51;313,86;50,22;364,08;0,37;37,66;401,74
REPARACION DE ARTICULOS DE CUERO;MEDIA;4,77;596,46;95,43;691,89;0,71;71,57;763,46
REPARACION DE ARTICULOS DE CUERO;ALTA;8,15;1019,10;163,06;1182,16;1,21;122,29;1304,45
REPARACION DE JOYAS Y RELOJES;BAJA;2,51;313,86;50,22;364,08;0,37;37,66;401,74
REPARACION DE JOYAS Y RELOJES;MEDIA;4,77;596,46;95,43;691,89;0,71;71,57;763,46
REPARACION DE JOYAS Y RELOJES;ALTA;8,15;1019,10;163,06;1182,16;1,21;122,29;1304,45
CRISTALERIAS;BAJA;2,39;298,85;47,82;346,67;0,35;35,86;382,53
CRISTALERIAS;MEDIA;5,80;725,25;116,04;841,29;0,86;87,03;928,32
CRISTALERIAS;ALTA;9,00;1125,39;180,06;1305,45;1,34;135,05;1440,50
MARQUETERIAS;BAJA;2,39;298,85;47,82;346,67;0,35;35,86;382,53
MARQUETERIAS;MEDIA;5,80;725,25;116,04;841,29;0,86;87,03;928,32
MARQUETERIAS;ALTA;9,00;1125,39;180,06;1305,45;1,34;135,05;1440,50
VENTA DE ESPEJOS;BAJA;2,39;298,85;47,82;346,67;0,35;35,86;382,53
VENTA DE ESPEJOS;MEDIA;5,80;725,25;116,04;841,29;0,86;87,03;928,32
VENTA DE ESPEJOS;ALTA;9,00;1125,39;180,06;1305,45;1,34;135,05;1440,50
LITOGRAFIA;BAJA;2,57;321,36;51,42;372,78;0,38;38,56;411,34
LITOGRAFIA;MEDIA;6,21;776,52;124,24;900,76;0,92;93,18;993,94
LITOGRAFIA;ALTA;9,65;1206,67;193,07;1399,73;1,43;144,80;1544,54
TIPOGRAFIA Y TARJETERIA;BAJA;1,89;236,33;37,81;274,14;0,28;28,36;302,50
TIPOGRAFIA Y TARJETERIA;MEDIA;5,62;702,74;112,44;815,18;0,83;84,33;899,51
TIPOGRAFIA Y TARJETERIA;ALTA;9,00;1125,39;180,06;1305,45;1,34;135,05;1440,50
AUTOTAPICERIAS;BAJA;2,53;316,36;50,62;366,98;0,38;37,96;404,94
AUTOTAPICERIAS;MEDIA;7,73;966,58;154,65;1121,24;1,15;115,99;1237,23
AUTOTAPICERIAS;ALTA;12,86;1608,06;257,29;1865,35;1,91;192,97;2058,31
ALQUILER DE VEHICULOS;BAJA;2,53;316,36;50,62;366,98;0,38;37,96;404,94
ALQUILER DE VEHICULOS;MEDIA;6,12;765,27;122,44;887,71;0,91;91,83;979,54
ALQUILER DE VEHICULOS;ALTA;9,45;1181,66;189,07;1370,72;1,40;141,80;1512,52
CHIVERAS;BAJA;2,98;372,63;59,62;432,25;0,44;44,72;476,97
CHIVERAS;MEDIA;7,54;942,83;150,85;1093,68;1,12;113,14;1206,82
CHIVERAS;ALTA;11,85;1481,76;237,08;1718,85;1,76;177,81;1896,66
REENCAUCHADORAS;BAJA;2,53;316,36;50,62;366,98;0,38;37,96;404,94
REENCAUCHADORAS;MEDIA;6,12;765,27;122,44;887,71;0,91;91,83;979,54
REENCAUCHADORAS;ALTA;9,45;1181,66;189,07;1370,72;1,40;141,80;1512,52
SERVICIOS DE CAMBIO DE ACEITE, FILTROS Y SIMILARES;BAJA;3,38;422,65;67,62;490,27;0,50;50,72;540,99
SERVICIOS DE CAMBIO DE ACEITE, FILTROS Y SIMILARES;MEDIA;8,55;1069,12;171,06;1240,18;1,27;128,29;1368,47
SERVICIOS DE CAMBIO DE ACEITE, FILTROS Y SIMILARES;ALTA;13,49;1686,83;269,89;1956,73;2,00;202,42;2159,15
VENTA DE MAQUINARIA;BAJA;3,95;493,92;79,03;572,95;0,59;59,27;632,22
VENTA DE MAQUINARIA;MEDIA;8,69;1086,63;173,86;1260,49;1,29;130,40;1390,88
VENTA DE MAQUINARIA;ALTA;13,83;1729,35;276,70;2006,04;2,05;207,52;2213,57
ALQUILER DE MAQUINARIA;BAJA;3,95;493,92;79,03;572,95;0,59;59,27;632,22
ALQUILER DE MAQUINARIA;MEDIA;8,69;1086,63;173,86;1260,49;1,29;130,40;1390,88
ALQUILER DE MAQUINARIA;ALTA;13,83;1729,35;276,70;2006,04;2,05;207,52;2213,57
VENTA DE REPUESTOS Y ACCESORIOS DE VEHICULOS;BAJA;2,53;316,36;50,62;366,98;0,38;37,96;404,94
VENTA DE REPUESTOS Y ACCESORIOS DE VEHICULOS;MEDIA;6,12;765,27;122,44;887,71;0,91;91,83;979,54
VENTA DE REPUESTOS Y ACCESORIOS DE VEHICULOS;ALTA;9,45;1181,66;189,07;1370,72;1,40;141,80;1512,52
VENTA DE VEHICULOS;BAJA;13,05;1631,82;261,09;1892,91;1,94;195,82;2088,72
VENTA DE VEHICULOS;MEDIA;17,79;2224,52;355,92;2580,44;2,64;266,94;2847,39
VENTA DE VEHICULOS;ALTA;24,23;3029,80;484,77;3514,57;3,60;363,58;3878,14
VENTA DE MOTOCICLETAS;BAJA;3,95;493,92;79,03;572,95;0,59;59,27;632,22
VENTA DE MOTOCICLETAS;MEDIA;8,69;1086,63;173,86;1260,49;1,29;130,40;1390,88
VENTA DE MOTOCICLETAS;ALTA;13,83;1729,35;276,70;2006,04;2,05;207,52;2213,57
VENTA DE BICICLETAS;BAJA;2,65;331,36;53,02;384,38;0,39;39,76;424,15
VENTA DE BICICLETAS;MEDIA;6,09;761,51;121,84;883,36;0,90;91,38;974,74
VENTA DE BICICLETAS;ALTA;12,53;1566,79;250,69;1817,48;1,86;188,02;2005,49
VENTA DE RESPUESTOS Y ACCESORIOS DE MOTOSCICLETAS Y BICICLETAS;BAJA;2,53;316,36;50,62;366,98;0,38;37,96;404,94
VENTA DE RESPUESTOS Y ACCESORIOS DE MOTOSCICLETAS Y BICICLETAS;MEDIA;6,12;765,27;122,44;887,71;0,91;91,83;979,54
VENTA DE RESPUESTOS Y ACCESORIOS DE MOTOSCICLETAS Y BICICLETAS;ALTA;9,45;1181,66;189,07;1370,72;1,40;141,80;1512,52
VENTA DE LANCHAS;BAJA;13,05;1631,82;261,09;1892,91;1,94;195,82;2088,72
VENTA DE LANCHAS;MEDIA;17,79;2224,52;355,92;2580,44;2,64;266,94;2847,39
VENTA DE LANCHAS;ALTA;24,23;3029,80;484,77;3514,57;3,60;363,58;3878,14
VENTA DE REPUESTOS Y ACCESORIOS PARA LANCHAS;BAJA;2,53;316,36;50,62;366,98;0,38;37,96;404,94
VENTA DE REPUESTOS Y ACCESORIOS PARA LANCHAS;MEDIA;6,12;765,27;122,44;887,71;0,91;91,83;979,54
VENTA DE REPUESTOS Y ACCESORIOS PARA LANCHAS;ALTA;9,45;1181,66;189,07;1370,72;1,40;141,80;1512,52
ELECTROAUTOS;BAJA;2,53;316,36;50,62;366,98;0,38;37,96;404,94
ELECTROAUTOS;MEDIA;6,12;765,27;122,44;887,71;0,91;91,83;979,54
ELECTROAUTOS;ALTA;9,45;1181,66;189,07;1370,72;1,40;141,80;1512,52
AUTOLAVADOS;BAJA;7,02;877,80;140,45;1018,25;1,04;105,34;1123,59
AUTOLAVADOS;MEDIA;17,37;2172,00;347,52;2519,52;2,58;260,64;2780,16
AUTOLAVADOS;ALTA;28,22;3528,72;564,60;4093,32;4,19;423,45;4516,76
ESTACIONES DE SERVICIO;BAJA;9,43;1179,16;188,67;1367,82;1,40;141,50;1509,32
ESTACIONES DE SERVICIO;MEDIA;20,67;2584,65;413,54;2998,19;3,07;310,16;3308,35
ESTACIONES DE SERVICIO;ALTA;32,99;4125,18;660,03;4785,21;4,90;495,02;5280,23
GIMNASIOS;BAJA;3,99;498,92;79,83;578,75;0,59;59,87;638,62
GIMNASIOS;MEDIA;9,62;1202,92;192,47;1395,38;1,43;144,35;1539,73
GIMNASIOS;ALTA;15,05;1881,90;301,10;2183,01;2,23;225,83;2408,83
HERRERIAS;BAJA;1,98;247,59;39,61;287,20;0,29;29,71;316,91
HERRERIAS;MEDIA;7,14;892,81;142,85;1035,66;1,06;107,14;1142,80
HERRERIAS;ALTA;11,85;1481,76;237,08;1718,85;1,76;177,81;1896,66
TALLER MECANICO, LATONERIA, PINTURA Y CAUCHOS;BAJA;7,28;910,32;145,65;1055,97;1,08;109,24;1165,20
TALLER MECANICO, LATONERIA, PINTURA Y CAUCHOS;MEDIA;13,75;1719,35;275,10;1994,44;2,04;206,32;2200,76
TALLER MECANICO, LATONERIA, PINTURA Y CAUCHOS;ALTA;19,99;2499,62;399,94;2899,55;2,97;299,95;3199,51
TALLER METALURGICO;BAJA;7,28;910,32;145,65;1055,97;1,08;109,24;1165,20
TALLER METALURGICO;MEDIA;13,75;1719,35;275,10;1994,44;2,04;206,32;2200,76
TALLER METALURGICO;ALTA;19,99;2499,62;399,94;2899,55;2,97;299,95;3199,51
TALLER MECANICO;BAJA;7,28;910,32;145,65;1055,97;1,08;109,24;1165,20
TALLER MECANICO;MEDIA;13,75;1719,35;275,10;1994,44;2,04;206,32;2200,76
TALLER MECANICO;ALTA;19,99;2499,62;399,94;2899,55;2,97;299,95;3199,51
TALLER REPARACION DE ELECTRODOMESTICOS Y SIMILARES;BAJA;3,38;422,65;67,62;490,27;0,50;50,72;540,99
TALLER REPARACION DE ELECTRODOMESTICOS Y SIMILARES;MEDIA;8,55;1069,12;171,06;1240,18;1,27;128,29;1368,47
TALLER REPARACION DE ELECTRODOMESTICOS Y SIMILARES;ALTA;13,49;1686,83;269,89;1956,73;2,00;202,42;2159,15
SERVICIO E INSTALACION DE EQUIPOS DE TRANSMISION;BAJA;7,28;910,32;145,65;1055,97;1,08;109,24;1165,20
SERVICIO E INSTALACION DE EQUIPOS DE TRANSMISION;MEDIA;13,75;1719,35;275,10;1994,44;2,04;206,32;2200,76
SERVICIO E INSTALACION DE EQUIPOS DE TRANSMISION;ALTA;19,99;2499,62;399,94;2899,55;2,97;299,95;3199,51
TALLER DE REPARACION DE AIRES ACONDICIONADOS;BAJA;3,38;422,65;67,62;490,27;0,50;50,72;540,99
TALLER DE REPARACION DE AIRES ACONDICIONADOS;MEDIA;8,55;1069,12;171,06;1240,18;1,27;128,29;1368,47
TALLER DE REPARACION DE AIRES ACONDICIONADOS;ALTA;13,49;1686,83;269,89;1956,73;2,00;202,42;2159,15
FLORISTERIAS;BAJA;3,38;422,65;67,62;490,27;0,50;50,72;540,99
FLORISTERIAS;MEDIA;9,00;1125,39;180,06;1305,45;1,34;135,05;1440,50
FLORISTERIAS;ALTA;14,63;1829,38;292,70;2122,09;2,17;219,53;2341,61
VIVEROS;BAJA;3,38;422,65;67,62;490,27;0,50;50,72;540,99
VIVEROS;MEDIA;8,55;1069,12;171,06;1240,18;1,27;128,29;1368,47
VIVEROS;ALTA;13,49;1686,83;269,89;1956,73;2,00;202,42;2159,15
BOUTIQUE;BAJA;2,85;356,37;57,02;413,39;0,42;42,76;456,16
BOUTIQUE;MEDIA;6,89;861,55;137,85;999,40;1,02;103,39;1102,78
BOUTIQUE;ALTA;10,73;1341,71;214,67;1556,39;1,59;161,01;1717,39
GALERIAS DE ARTE;BAJA;2,85;356,37;57,02;413,39;0,42;42,76;456,16
GALERIAS DE ARTE;MEDIA;6,89;861,55;137,85;999,40;1,02;103,39;1102,78
GALERIAS DE ARTE;ALTA;10,73;1341,71;214,67;1556,39;1,59;161,01;1717,39
JOYERIAS;BAJA;2,85;356,37;57,02;413,39;0,42;42,76;456,16
JOYERIAS;MEDIA;6,89;861,55;137,85;999,40;1,02;103,39;1102,78
JOYERIAS;ALTA;10,73;1341,71;214,67;1556,39;1,59;161,01;1717,39
JUGUETERIAS;BAJA;3,38;422,65;67,62;490,27;0,50;50,72;540,99
JUGUETERIAS;MEDIA;8,55;1069,12;171,06;1240,18;1,27;128,29;1368,47
JUGUETERIAS;ALTA;13,49;1686,83;269,89;1956,73;2,00;202,42;2159,15
PINATERIAS;BAJA;3,38;422,65;67,62;490,27;0,50;50,72;540,99
PINATERIAS;MEDIA;8,55;1069,12;171,06;1240,18;1,27;128,29;1368,47
PINATERIAS;ALTA;13,49;1686,83;269,89;1956,73;2,00;202,42;2159,15
OPTICAS;BAJA;2,85;356,37;57,02;413,39;0,42;42,76;456,16
OPTICAS;MEDIA;6,89;861,55;137,85;999,40;1,02;103,39;1102,78
OPTICAS;ALTA;10,73;1341,71;214,67;1556,39;1,59;161,01;1717,39
SASTRERIA Y TALLERES DE COSTURA;BAJA;2,85;356,37;57,02;413,39;0,42;42,76;456,16
SASTRERIA Y TALLERES DE COSTURA;MEDIA;6,89;861,55;137,85;999,40;1,02;103,39;1102,78
SASTRERIA Y TALLERES DE COSTURA;ALTA;10,73;1341,71;214,67;1556,39;1,59;161,01;1717,39
VENTA DE ANIMALES Y ARTICULOS PARA ANIMALES;BAJA;2,85;356,37;57,02;413,39;0,42;42,76;456,16
VENTA DE ANIMALES Y ARTICULOS PARA ANIMALES;MEDIA;6,89;861,55;137,85;999,40;1,02;103,39;1102,78
VENTA DE ANIMALES Y ARTICULOS PARA ANIMALES;ALTA;10,73;1341,71;214,67;1556,39;1,59;161,01;1717,39
VENTA DE ARTICULOS DEPORTIVOS Y HOBBIES;BAJA;3,38;422,65;67,62;490,27;0,50;50,72;540,99
VENTA DE ARTICULOS DEPORTIVOS Y HOBBIES;MEDIA;8,55;1069,12;171,06;1240,18;1,27;128,29;1368,47
VENTA DE ARTICULOS DEPORTIVOS Y HOBBIES;ALTA;13,49;1686,83;269,89;1956,73;2,00;202,42;2159,15
VENTA DE ARTICULOS PARA EL HOGAR;BAJA;3,38;422,65;67,62;490,27;0,50;50,72;540,99
VENTA DE ARTICULOS PARA EL HOGAR;MEDIA;8,55;1069,12;171,06;1240,18;1,27;128,29;1368,47
VENTA DE ARTICULOS PARA EL HOGAR;ALTA;13,49;1686,83;269,89;1956,73;2,00;202,42;2159,15
VENTA DE EQUIPOS Y ARTICULOS ELECTRICOS;BAJA;2,85;356,37;57,02;413,39;0,42;42,76;456,16
VENTA DE EQUIPOS Y ARTICULOS ELECTRICOS;MEDIA;6,98;872,80;139,65;1012,45;1,04;104,74;1117,19
VENTA DE EQUIPOS Y ARTICULOS ELECTRICOS;ALTA;11,25;1406,74;225,08;1631,82;1,67;168,81;1800,62
VENTA DE LAMPARAS;BAJA;3,38;422,65;67,62;490,27;0,50;50,72;540,99
VENTA DE LAMPARAS;MEDIA;8,55;1069,12;171,06;1240,18;1,27;128,29;1368,47
VENTA DE LAMPARAS;ALTA;13,49;1686,83;269,89;1956,73;2,00;202,42;2159,15
VENTA DE EQUIPOS Y ARTICULOS TELEFONICOS;BAJA;3,95;493,92;79,03;572,95;0,59;59,27;632,22
VENTA DE EQUIPOS Y ARTICULOS TELEFONICOS;MEDIA;6,85;856,55;137,05;993,59;1,02;102,79;1096,38
VENTA DE EQUIPOS Y ARTICULOS TELEFONICOS;ALTA;9,89;1236,68;197,87;1434,55;1,47;148,40;1582,95
VENTA DE EQUIPOS Y ARTICULOS DE COMPUTACION;BAJA;3,95;493,92;79,03;572,95;0,59;59,27;632,22
VENTA DE EQUIPOS Y ARTICULOS DE COMPUTACION;MEDIA;6,85;856,55;137,05;993,59;1,02;102,79;1096,38
VENTA DE EQUIPOS Y ARTICULOS DE COMPUTACION;ALTA;9,89;1236,68;197,87;1434,55;1,47;148,40;1582,95
VENTA DE ARTICULOS, EQUIPOS Y MATERIALES DE OFICINA;BAJA;3,38;422,65;67,62;490,27;0,50;50,72;540,99
VENTA DE ARTICULOS, EQUIPOS Y MATERIALES DE OFICINA;MEDIA;8,55;1069,12;171,06;1240,18;1,27;128,29;1368,47
VENTA DE ARTICULOS, EQUIPOS Y MATERIALES DE OFICINA;ALTA;13,49;1686,83;269,89;1956,73;2,00;202,42;2159,15
VENTA DE PERIODICOS Y REVISTAS;BAJA;2,53;316,36;50,62;366,98;0,38;37,96;404,94
VENTA DE PERIODICOS Y REVISTAS;MEDIA;6,12;765,27;122,44;887,71;0,91;91,83;979,54
VENTA DE PERIODICOS Y REVISTAS;ALTA;9,45;1181,66;189,07;1370,72;1,40;141,80;1512,52
VENTA DE PRODUCTOS QUIMICOS;BAJA;3,95;493,92;79,03;572,95;0,59;59,27;632,22
VENTA DE PRODUCTOS QUIMICOS;MEDIA;7,80;975,34;156,05;1131,39;1,16;117,04;1248,43
VENTA DE PRODUCTOS QUIMICOS;ALTA;12,64;1580,55;252,89;1833,44;1,88;189,67;2023,10
COPISTERIA;BAJA;2,85;356,37;57,02;413,39;0,42;42,76;456,16
COPISTERIA;MEDIA;6,89;861,55;137,85;999,40;1,02;103,39;1102,78
COPISTERIA;ALTA;10,73;1341,71;214,67;1556,39;1,59;161,01;1717,39
DISTRIBUIDORA DE GAS Y OTROS COMBUSTIBLES;BAJA;2,98;372,63;59,62;432,25;0,44;44,72;476,97
DISTRIBUIDORA DE GAS Y OTROS COMBUSTIBLES;MEDIA;7,54;942,83;150,85;1093,68;1,12;113,14;1206,82
DISTRIBUIDORA DE GAS Y OTROS COMBUSTIBLES;ALTA;11,85;1481,76;237,08;1718,85;1,76;177,81;1896,66
DISTRIBUIDORA DE FERTILIZANTES, ABONOS Y OTROS PRODUCTOS SIMILARESPARA LA AGRICULTURA;BAJA;3,95;493,92;79,03;572,95;0,59;59,27;632,22
DISTRIBUIDORA DE FERTILIZANTES, ABONOS Y OTROS PRODUCTOS SIMILARESPARA LA AGRICULTURA;MEDIA;7,80;975,34;156,05;1131,39;1,16;117,04;1248,43
DISTRIBUIDORA DE FERTILIZANTES, ABONOS Y OTROS PRODUCTOS SIMILARESPARA LA AGRICULTURA;ALTA;12,64;1580,55;252,89;1833,44;1,88;189,67;2023,10
LIBRERIAS Y PAPELERIAS;BAJA;3,38;422,65;67,62;490,27;0,50;50,72;540,99
LIBRERIAS Y PAPELERIAS;MEDIA;8,55;1069,12;171,06;1240,18;1,27;128,29;1368,47
LIBRERIAS Y PAPELERIAS;ALTA;13,49;1686,83;269,89;1956,73;2,00;202,42;2159,15
ESTACIONAMIENTOS;BAJA;2,83;353,87;56,62;410,49;0,42;42,46;452,96
ESTACIONAMIENTOS;MEDIA;7,18;897,81;143,65;1041,46;1,07;107,74;1149,20
ESTACIONAMIENTOS;ALTA;11,31;1414,24;226,28;1640,52;1,68;169,71;1810,23
SERVICIO DE EMBALAJE Y MUDANZA;BAJA;3,38;422,65;67,62;490,27;0,50;50,72;540,99
SERVICIO DE EMBALAJE Y MUDANZA;MEDIA;9,26;1157,90;185,26;1343,17;1,37;138,95;1482,11
SERVICIO DE EMBALAJE Y MUDANZA;ALTA;13,49;1686,83;269,89;1956,73;2,00;202,42;2159,15
DISTRIBUIDORA DE ALIMENTOS Y BEBIDAS;BAJA;3,38;422,65;67,62;490,27;0,50;50,72;540,99
DISTRIBUIDORA DE ALIMENTOS Y BEBIDAS;MEDIA;9,26;1157,90;185,26;1343,17;1,37;138,95;1482,11
DISTRIBUIDORA DE ALIMENTOS Y BEBIDAS;ALTA;13,49;1686,83;269,89;1956,73;2,00;202,42;2159,15
LINEAS DE AUTOBUSES Y TAXIS;BAJA;2,53;316,36;50,62;366,98;0,38;37,96;404,94
LINEAS DE AUTOBUSES Y TAXIS;MEDIA;8,07;1009,10;161,46;1170,56;1,20;121,09;1291,65
LINEAS DE AUTOBUSES Y TAXIS;ALTA;11,85;1481,76;237,08;1718,85;1,76;177,81;1896,66
MAYORISTAS DE MERCANCIAS;BAJA;3,38;422,65;67,62;490,27;0,50;50,72;540,99
MAYORISTAS DE MERCANCIAS;MEDIA;8,91;1114,14;178,26;1292,40;1,32;133,70;1426,09
MAYORISTAS DE MERCANCIAS;ALTA;13,49;1686,83;269,89;1956,73;2,00;202,42;2159,15
SERVICIO DE LIMPIEZA Y MANTENIMIENTO;BAJA;2,98;372,63;59,62;432,25;0,44;44,72;476,97
SERVICIO DE LIMPIEZA Y MANTENIMIENTO;MEDIA;7,90;987,84;158,05;1145,90;1,17;118,54;1264,44
SERVICIO DE LIMPIEZA Y MANTENIMIENTO;ALTA;11,85;1481,76;237,08;1718,85;1,76;177,81;1896,66
SERVICIO DE CORRESPONDENCIA;BAJA;4,73;591,45;94,63;686,09;0,70;70,97;757,06
SERVICIO DE CORRESPONDENCIA;MEDIA;8,42;1052,86;168,46;1221,32;1,25;126,34;1347,67
SERVICIO DE CORRESPONDENCIA;ALTA;12,64;1580,55;252,89;1833,44;1,88;189,67;2023,10
SERVICIO DE VIGILANCIA;BAJA;2,57;321,36;51,42;372,78;0,38;38,56;411,34
SERVICIO DE VIGILANCIA;MEDIA;6,21;776,52;124,24;900,76;0,92;93,18;993,94
SERVICIO DE VIGILANCIA;ALTA;9,65;1206,67;193,07;1399,73;1,43;144,80;1544,54
SERVICIOS DE FUMIGACION;BAJA;2,98;372,63;59,62;432,25;0,44;44,72;476,97
SERVICIOS DE FUMIGACION;MEDIA;6,31;789,02;126,24;915,27;0,94;94,68;1009,95
SERVICIOS DE FUMIGACION;ALTA;9,45;1181,66;189,07;1370,72;1,40;141,80;1512,52
ALMACENES DE ADUANAS;BAJA;5,63;703,99;112,64;816,63;0,84;84,48;901,11
ALMACENES DE ADUANAS;MEDIA;13,95;1744,35;279,10;2023,45;2,07;209,32;2232,77
ALMACENES DE ADUANAS;ALTA;22,49;2812,22;449,96;3262,18;3,34;337,47;3599,65
DE ALOJAMIENTO DE DEPORTISTAS;BAJA;15,35;1919,41;307,11;2226,52;2,28;230,33;2456,85
DE ALOJAMIENTO DE DEPORTISTAS;MEDIA;30,39;3800,07;608,01;4408,08;4,51;456,01;4864,08
DE ALOJAMIENTO DE DEPORTISTAS;ALTA;46,28;5787,00;925,92;6712,93;6,87;694,44;7407,37
BATALLONES DE GUARNICION MILITAR;BAJA;15,35;1919,41;307,11;2226,52;2,28;230,33;2456,85
BATALLONES DE GUARNICION MILITAR;MEDIA;30,39;3800,07;608,01;4408,08;4,51;456,01;4864,08
BATALLONES DE GUARNICION MILITAR;ALTA;46,28;5787,00;925,92;6712,93;6,87;694,44;7407,37
GUARDIA NACIONAL;BAJA;15,35;1919,41;307,11;2226,52;2,28;230,33;2456,85
GUARDIA NACIONAL;MEDIA;30,39;3800,07;608,01;4408,08;4,51;456,01;4864,08
GUARDIA NACIONAL;ALTA;46,28;5787,00;925,92;6712,93;6,87;694,44;7407,37
VENTA Y REPARACION DE CELULARES;BAJA;5,45;681,49;109,04;790,52;0,81;81,78;872,30
VENTA Y REPARACION DE CELULARES;MEDIA;9,69;1211,67;193,87;1405,54;1,44;145,40;1550,94
VENTA Y REPARACION DE CELULARES;ALTA;15,43;1929,42;308,71;2238,13;2,29;231,53;2469,66
EMBOTELLADORAS/RECARGA DE AGUA POTABLE;BAJA;4,85;606,46;97,03;703,49;0,72;72,78;776,27
EMBOTELLADORAS/RECARGA DE AGUA POTABLE;MEDIA;9,69;1211,67;193,87;1405,54;1,44;145,40;1550,94
EMBOTELLADORAS/RECARGA DE AGUA POTABLE;ALTA;14,33;1791,87;286,70;2078,57;2,13;215,02;2293,59
DEPOSITOS O GALPONES;BAJA;3,38;422,65;67,62;490,27;0,50;50,72;540,99
DEPOSITOS O GALPONES;MEDIA;13,04;1630,56;260,89;1891,46;1,94;195,67;2087,12
DEPOSITOS O GALPONES;ALTA;22,49;2812,22;449,96;3262,18;3,34;337,47;3599,65
ANGARES;BAJA;3,38;422,65;67,62;490,27;0,50;50,72;540,99
ANGARES;MEDIA;13,04;1630,56;260,89;1891,46;1,94;195,67;2087,12
ANGARES;ALTA;22,49;2812,22;449,96;3262,18;3,34;337,47;3599,65
SUMINISTRO DE MATERIALES PARA INDUSTRIA Y CONSTRUCCION;BAJA;3,38;422,65;67,62;490,27;0,50;50,72;540,99
SUMINISTRO DE MATERIALES PARA INDUSTRIA Y CONSTRUCCION;MEDIA;13,04;1630,56;260,89;1891,46;1,94;195,67;2087,12
SUMINISTRO DE MATERIALES PARA INDUSTRIA Y CONSTRUCCION;ALTA;22,49;2812,22;449,96;3262,18;3,34;337,47;3599,65
FABRICA DE HIELO;BAJA;2,83;353,87;56,62;410,49;0,42;42,46;452,96
FABRICA DE HIELO;MEDIA;12,76;1595,55;255,29;1850,84;1,89;191,47;2042,31
FABRICA DE HIELO;ALTA;23,57;2947,27;471,56;3418,83;3,50;353,67;3772,51
TALLER DE CONFECCION;BAJA;3,38;422,65;67,62;490,27;0,50;50,72;540,99
TALLER DE CONFECCION;MEDIA;8,55;1069,12;171,06;1240,18;1,27;128,29;1368,47
TALLER DE CONFECCION;ALTA;13,49;1686,83;269,89;1956,73;2,00;202,42;2159,15
FABRICA DE PINATAS;BAJA;3,38;422,65;67,62;490,27;0,50;50,72;540,99
FABRICA DE PINATAS;MEDIA;8,55;1069,12;171,06;1240,18;1,27;128,29;1368,47
FABRICA DE PINATAS;ALTA;13,49;1686,83;269,89;1956,73;2,00;202,42;2159,15
TAPICES Y SIMILARES;BAJA;5,46;682,74;109,24;791,97;0,81;81,93;873,90
TAPICES Y SIMILARES;MEDIA;12,45;1556,79;249,09;1805,88;1,85;186,81;1992,69
TAPICES Y SIMILARES;ALTA;19,99;2499,62;399,94;2899,55;2,97;299,95;3199,51
FABRICA DE LAMPARAS;BAJA;5,46;682,74;109,24;791,97;0,81;81,93;873,90
FABRICA DE LAMPARAS;MEDIA;12,45;1556,79;249,09;1805,88;1,85;186,81;1992,69
FABRICA DE LAMPARAS;ALTA;19,99;2499,62;399,94;2899,55;2,97;299,95;3199,51
FABRICA DE TEXTILES;BAJA;5,46;682,74;109,24;791,97;0,81;81,93;873,90
FABRICA DE TEXTILES;MEDIA;12,45;1556,79;249,09;1805,88;1,85;186,81;1992,69
FABRICA DE TEXTILES;ALTA;19,99;2499,62;399,94;2899,55;2,97;299,95;3199,51
FABRICA DE CALZADOS;BAJA;5,46;682,74;109,24;791,97;0,81;81,93;873,90
FABRICA DE CALZADOS;MEDIA;12,45;1556,79;249,09;1805,88;1,85;186,81;1992,69
FABRICA DE CALZADOS;ALTA;19,99;2499,62;399,94;2899,55;2,97;299,95;3199,51
FABRICA DE DETERGENTES;BAJA;5,46;682,74;109,24;791,97;0,81;81,93;873,90
FABRICA DE DETERGENTES;MEDIA;12,45;1556,79;249,09;1805,88;1,85;186,81;1992,69
FABRICA DE DETERGENTES;ALTA;19,99;2499,62;399,94;2899,55;2,97;299,95;3199,51
FABRICA DE ARTICULOS DE CERAMICA;BAJA;5,46;682,74;109,24;791,97;0,81;81,93;873,90
FABRICA DE ARTICULOS DE CERAMICA;MEDIA;12,45;1556,79;249,09;1805,88;1,85;186,81;1992,69
FABRICA DE ARTICULOS DE CERAMICA;ALTA;19,99;2499,62;399,94;2899,55;2,97;299,95;3199,51
FABRICA DE ARTESANIA;BAJA;5,46;682,74;109,24;791,97;0,81;81,93;873,90
FABRICA DE ARTESANIA;MEDIA;12,45;1556,79;249,09;1805,88;1,85;186,81;1992,69
FABRICA DE ARTESANIA;ALTA;19,99;2499,62;399,94;2899,55;2,97;299,95;3199,51
CARPINTERIAS;BAJA;2,98;372,63;59,62;432,25;0,44;44,72;476,97
CARPINTERIAS;MEDIA;8,34;1042,86;166,86;1209,72;1,24;125,14;1334,86
CARPINTERIAS;ALTA;12,86;1608,06;257,29;1865,35;1,91;192,97;2058,31
FABRICA DE MUEBLES;BAJA;10,66;1332,96;213,27;1546,24;1,58;159,96;1706,19
FABRICA DE MUEBLES;MEDIA;17,65;2207,01;353,12;2560,14;2,62;264,84;2824,98
FABRICA DE MUEBLES;ALTA;25,19;3149,84;503,97;3653,82;3,74;377,98;4031,80
MUEBLERIA (EXHIBICION Y VENTA);BAJA;3,38;422,65;67,62;490,27;0,50;50,72;540,99
MUEBLERIA (EXHIBICION Y VENTA);MEDIA;7,12;890,31;142,45;1032,76;1,06;106,84;1139,59
MUEBLERIA (EXHIBICION Y VENTA);ALTA;10,73;1341,71;214,67;1556,39;1,59;161,01;1717,39
QUINCALLAS Y BAZARES;BAJA;2,53;316,36;50,62;366,98;0,38;37,96;404,94
QUINCALLAS Y BAZARES;MEDIA;6,07;759,01;121,44;880,46;0,90;91,08;971,54
QUINCALLAS Y BAZARES;ALTA;9,45;1181,66;189,07;1370,72;1,40;141,80;1512,52
TIENDAS POR DEPARTAMENTOS;BAJA;17,94;2243,28;358,92;2602,20;2,66;269,19;2871,39
TIENDAS POR DEPARTAMENTOS;MEDIA;46,12;5767,00;922,72;6689,72;6,85;692,04;7381,76
TIENDAS POR DEPARTAMENTOS;ALTA;80,74;10096,00;1615,36;11711,36;11,99;1211,52;12922,88
VENTA DE REPUESTOS Y ACCESORIOS VEHICULOS;BAJA;2,53;316,36;50,62;366,98;0,38;37,96;404,94
VENTA DE REPUESTOS Y ACCESORIOS VEHICULOS;MEDIA;6,12;765,27;122,44;887,71;0,91;91,83;979,54
VENTA DE REPUESTOS Y ACCESORIOS VEHICULOS;ALTA;9,45;1181,66;189,07;1370,72;1,40;141,80;1512,52
VENTA AMB. ALIMENTOS Y BEBIDAS;BAJA;1,69;211,32;33,81;245,13;0,25;25,36;270,49
VENTA AMB. ALIMENTOS Y BEBIDAS;MEDIA;5,45;681,49;109,04;790,52;0,81;81,78;872,30
VENTA AMB. ALIMENTOS Y BEBIDAS;ALTA;9,31;1164,15;186,26;1350,42;1,38;139,70;1490,12
INMUEBLES Y LOCALES DESOCUPADOS;BAJA;1,98;247,59;39,61;287,20;0,29;29,71;316,91
INMUEBLES Y LOCALES DESOCUPADOS;MEDIA;1,98;247,59;39,61;287,20;0,29;29,71;316,91
INMUEBLES Y LOCALES DESOCUPADOS;ALTA;1,98;247,59;39,61;287,20;0,29;29,71;316,91
TERRENOS, CONSTRUCCIONES E INMUEBLES A ESTRENAR;BAJA;1,98;247,59;39,61;287,20;0,29;29,71;316,91
TERRENOS, CONSTRUCCIONES E INMUEBLES A ESTRENAR;MEDIA;1,98;247,59;39,61;287,20;0,29;29,71;316,91
TERRENOS, CONSTRUCCIONES E INMUEBLES A ESTRENAR;ALTA;1,98;247,59;39,61;287,20;0,29;29,71;316,91
ESTACIONAMIENTOS;BAJA;2,83;353,87;56,62;410,49;0,42;42,46;452,96
ESTACIONAMIENTOS;MEDIA;7,18;897,81;143,65;1041,46;1,07;107,74;1149,20
ESTACIONAMIENTOS;ALTA;11,31;1414,24;226,28;1640,52;1,68;169,71;1810,23
PUESTO DE ESTACIONAMIENTO;BAJA;2,83;353,87;56,62;410,49;0,42;42,46;452,96
PUESTO DE ESTACIONAMIENTO;MEDIA;7,18;897,81;143,65;1041,46;1,07;107,74;1149,20
PUESTO DE ESTACIONAMIENTO;ALTA;11,31;1414,24;226,28;1640,52;1,68;169,71;1810,23
DULCERIAS/REPOSTERIAS;BAJA;7,54;942,83;150,85;1093,68;1,12;113,14;1206,82
DULCERIAS/REPOSTERIAS;MEDIA;11,90;1488,02;238,08;1726,10;1,77;178,56;1904,66
DULCERIAS/REPOSTERIAS;ALTA;16,03;2004,44;320,71;2325,16;2,38;240,53;2565,69
SERVICIOS TECNICOS;BAJA;2,53;316,36;50,62;366,98;0,38;37,96;404,94
SERVICIOS TECNICOS;MEDIA;6,12;765,27;122,44;887,71;0,91;91,83;979,54
SERVICIOS TECNICOS;ALTA;9,45;1181,66;189,07;1370,72;1,40;141,80;1512,52
